user_id,n_events,n_sessions,n_active_days,sess_per_active_day
566982488,813,806,1,806.0
575818086,509,456,1,456.0
621729690,342,342,1,342.0
609479901,749,336,1,336.0
606631574,2733,1667,5,333.4
596955231,601,307,1,307.0
531344288,472,304,1,304.0
373989853,2241,2241,8,280.125
527021202,26752,17403,80,217.5375
574406416,1619,1264,6,210.66666666666666
602425711,196,196,1,196.0
603549419,196,194,1,194.0
391227980,1362,1350,7,192.85714285714286
569009887,324,177,1,177.0
584204376,178,172,1,172.0
621679686,269,172,1,172.0
575828830,190,169,1,169.0
613295390,192,168,1,168.0
604500653,297,168,1,168.0
564388422,621,168,1,168.0
566888198,223,167,1,167.0
609817587,259,167,1,167.0
606787783,1229,804,5,160.8
560376815,336,313,2,156.5
561665088,2178,1250,8,156.25
607916558,1496,312,2,156.0
462237553,219,156,1,156.0
618435498,288,156,1,156.0
572973273,208,153,1,153.0
573387774,200,149,1,149.0
576802932,1299,444,3,148.0
601118549,226,148,1,148.0
498771051,263,146,1,146.0
620929897,147,146,1,146.0
585853785,255,141,1,141.0
581377884,196,140,1,140.0
563786540,1313,1113,8,139.125
501928942,234,139,1,139.0
532325275,223,139,1,139.0
550421626,166,136,1,136.0
592906495,157,134,1,134.0
561481527,313,134,1,134.0
233878257,379,131,1,131.0
577564620,174,130,1,130.0
599111125,200,130,1,130.0
541937394,499,390,3,130.0
573625347,1340,905,7,129.28571428571428
582767839,1940,1422,11,129.27272727272728
551129347,185,128,1,128.0
616833448,393,376,3,125.33333333333333
612976058,137,125,1,125.0
604132547,244,125,1,125.0
619666935,133,124,1,124.0
589630252,1157,616,5,123.2
557616099,9903,8559,70,122.27142857142857
520453142,179,122,1,122.0
597960781,203,121,1,121.0
568833146,170,120,1,120.0
596482758,136,120,1,120.0
597941253,292,240,2,120.0
584257637,167,119,1,119.0
587322418,423,232,2,116.0
566892938,372,228,2,114.0
484723382,571,455,4,113.75
587832792,155,112,1,112.0
584771567,167,111,1,111.0
610719846,917,331,3,110.33333333333333
581863366,124,110,1,110.0
592715752,148,110,1,110.0
619175364,119,109,1,109.0
431644797,552,538,5,107.6
564480878,118,107,1,107.0
618828832,274,210,2,105.0
609393695,319,313,3,104.33333333333333
584987432,150,104,1,104.0
591655784,146,103,1,103.0
592305623,133,103,1,103.0
420963645,173,103,1,103.0
605373441,159,103,1,103.0
584882913,934,715,7,102.14285714285714
562052862,110,101,1,101.0
593788778,306,101,1,101.0
578021269,214,101,1,101.0
587997733,331,202,2,101.0
578819274,159,100,1,100.0
603738765,200,200,2,100.0
617137017,600,600,6,100.0
411866170,536,400,4,100.0
600451597,156,99,1,99.0
607812915,146,99,1,99.0
518907848,165,96,1,96.0
575447855,403,192,2,96.0
612768248,200,96,1,96.0
618950312,340,191,2,95.5
590777424,129,95,1,95.0
621407984,115,95,1,95.0
578184892,135,95,1,95.0
411387606,157,95,1,95.0
434619807,344,95,1,95.0
562507564,127,94,1,94.0
579342283,125,94,1,94.0
533604260,152,94,1,94.0
558319653,247,94,1,94.0
70406741,445,186,2,93.0
617587436,137,93,1,93.0
466018870,507,464,5,92.8
577763915,3455,2401,26,92.34615384615384
592288571,104,92,1,92.0
592296110,118,92,1,92.0
508993781,254,92,1,92.0
576146436,110,92,1,92.0
360932660,287,184,2,92.0
614214163,150,91,1,91.0
575365889,395,182,2,91.0
614506557,1270,997,11,90.63636363636364
530926371,95,90,1,90.0
578663790,135,90,1,90.0
620828408,92,90,1,90.0
582101364,254,90,1,90.0
597135174,3597,2224,25,88.96
584815618,217,177,2,88.5
617092509,370,177,2,88.5
538513754,426,177,2,88.5
429937087,184,88,1,88.0
588345228,168,88,1,88.0
568584983,493,263,3,87.66666666666667
556486127,486,263,3,87.66666666666667
577896990,261,261,3,87.0
561340919,95,87,1,87.0
580287474,387,260,3,86.66666666666667
579584087,182,173,2,86.5
495766547,126,86,1,86.0
556620861,161,86,1,86.0
597077192,140,86,1,86.0
572772094,271,171,2,85.5
598201379,346,342,4,85.5
560327126,457,342,4,85.5
566391692,127,85,1,85.0
515436982,128,85,1,85.0
607824729,394,253,3,84.33333333333333
588971741,104,84,1,84.0
546737377,184,84,1,84.0
399918822,99,84,1,84.0
562886762,224,84,1,84.0
601103943,126,84,1,84.0
574928795,289,83,1,83.0
611114047,156,83,1,83.0
559719091,107,83,1,83.0
600223376,115,83,1,83.0
527054720,127,83,1,83.0
556730134,1364,1314,16,82.125
559622484,83,82,1,82.0
621952798,132,82,1,82.0
560943884,86,82,1,82.0
567774493,102,81,1,81.0
567780590,142,81,1,81.0
610621644,196,81,1,81.0
390950651,92,81,1,81.0
571402053,119,81,1,81.0
592495515,82,81,1,81.0
561693980,259,242,3,80.66666666666667
576231416,220,80,1,80.0
563408172,266,80,1,80.0
613702640,100,80,1,80.0
588237900,134,80,1,80.0
378901306,137,80,1,80.0
597185408,101,80,1,80.0
525491805,448,400,5,80.0
610811933,82,80,1,80.0
575459844,208,80,1,80.0
543360881,150,80,1,80.0
580403382,80,80,1,80.0
614554653,136,80,1,80.0
557956487,7735,5674,71,79.91549295774648
582112538,426,318,4,79.5
613496730,159,159,2,79.5
442546342,198,79,1,79.0
575816023,131,79,1,79.0
563296192,134,79,1,79.0
589031154,312,158,2,79.0
614275460,166,157,2,78.5
582311801,114,78,1,78.0
527851385,93,78,1,78.0
562521828,271,234,3,78.0
603591786,150,78,1,78.0
317779161,598,467,6,77.83333333333333
606362803,293,233,3,77.66666666666667
564780450,771,466,6,77.66666666666667
609905356,185,77,1,77.0
606674273,206,77,1,77.0
559982529,166,76,1,76.0
585850933,126,76,1,76.0
587694066,163,76,1,76.0
613485446,98,76,1,76.0
577502221,76,76,1,76.0
476577170,1570,1515,20,75.75
476803144,247,151,2,75.5
585130568,144,75,1,75.0
615203013,83,75,1,75.0
564078265,107,75,1,75.0
564918786,136,75,1,75.0
420942753,103,74,1,74.0
584337288,95,74,1,74.0
573908949,102,74,1,74.0
582480821,73,73,1,73.0
579692464,99,73,1,73.0
606077708,103,73,1,73.0
547560747,542,365,5,73.0
382204861,254,73,1,73.0
593583254,275,216,3,72.0
572861595,75,72,1,72.0
574869566,303,144,2,72.0
555996376,101,72,1,72.0
620650154,175,72,1,72.0
600618228,192,144,2,72.0
608456997,216,72,1,72.0
586726972,143,72,1,72.0
542710886,214,143,2,71.5
619601838,89,71,1,71.0
567668763,72,71,1,71.0
462539433,288,142,2,71.0
566146135,94,71,1,71.0
572998629,180,71,1,71.0
581352925,71,71,1,71.0
604967429,236,142,2,71.0
567104992,283,141,2,70.5
600981571,563,211,3,70.33333333333333
456075956,436,281,4,70.25
590387543,70,70,1,70.0
595091086,70,70,1,70.0
566461854,91,70,1,70.0
404690163,127,70,1,70.0
574836476,271,210,3,70.0
576232957,97,70,1,70.0
562211746,210,210,3,70.0
537276072,120,70,1,70.0
456131187,320,209,3,69.66666666666667
577962684,212,139,2,69.5
596691623,312,139,2,69.5
427582980,566,277,4,69.25
573707076,556,346,5,69.2
621958680,69,69,1,69.0
601819522,97,69,1,69.0
603684047,164,69,1,69.0
562865514,76,69,1,69.0
567327125,182,69,1,69.0
575391821,119,69,1,69.0
586931185,826,686,10,68.6
600490540,80,68,1,68.0
619092910,334,68,1,68.0
591001820,163,136,2,68.0
566122041,83,68,1,68.0
434371744,152,68,1,68.0
335321233,180,68,1,68.0
572903985,154,68,1,68.0
526344753,1906,1288,19,67.78947368421052
539338553,361,336,5,67.2
575307861,204,67,1,67.0
570886939,91,67,1,67.0
577753144,235,134,2,67.0
532551799,137,67,1,67.0
569606141,103,67,1,67.0
367662350,88,67,1,67.0
615640071,73,67,1,67.0
621611023,145,67,1,67.0
548861286,233,67,1,67.0
558338289,218,200,3,66.66666666666667
580441894,486,133,2,66.5
584646270,69,66,1,66.0
567673428,128,66,1,66.0
597818332,106,66,1,66.0
556600080,104,66,1,66.0
568356324,66,66,1,66.0
570593977,947,456,7,65.14285714285714
609902035,109,65,1,65.0
621771973,132,65,1,65.0
571137314,91,65,1,65.0
553614930,94,65,1,65.0
557995228,120,65,1,65.0
601440593,65,65,1,65.0
579057982,75,65,1,65.0
572855638,92,65,1,65.0
604458451,79,65,1,65.0
603841440,259,259,4,64.75
548292975,1261,449,7,64.14285714285714
574330335,157,128,2,64.0
571847336,134,64,1,64.0
594291939,120,64,1,64.0
565638066,89,64,1,64.0
619537847,161,64,1,64.0
506025500,84,64,1,64.0
574794731,103,64,1,64.0
509780491,178,64,1,64.0
568636504,74,64,1,64.0
604484850,161,64,1,64.0
576311226,650,382,6,63.666666666666664
444968192,1800,1016,16,63.5
396208506,575,316,5,63.2
533338522,63,63,1,63.0
621914288,146,63,1,63.0
598895881,100,63,1,63.0
574368533,94,63,1,63.0
559183419,127,126,2,63.0
603046872,291,126,2,63.0
611477713,131,63,1,63.0
542543541,103,63,1,63.0
578130896,377,188,3,62.666666666666664
586803800,179,125,2,62.5
613530019,266,125,2,62.5
603720954,586,435,7,62.142857142857146
378789427,108,62,1,62.0
620932642,197,62,1,62.0
576943133,80,62,1,62.0
606462337,121,62,1,62.0
608231070,74,62,1,62.0
610017683,141,62,1,62.0
617337407,330,186,3,62.0
561859209,71,62,1,62.0
561210022,102,62,1,62.0
585383388,103,62,1,62.0
561474759,164,62,1,62.0
617027387,68,62,1,62.0
607609938,152,62,1,62.0
595102233,100,62,1,62.0
600855672,119,62,1,62.0
464234663,1759,742,12,61.833333333333336
605083774,151,61,1,61.0
566465610,90,61,1,61.0
617936030,88,61,1,61.0
597618719,337,183,3,61.0
565019443,92,61,1,61.0
603605538,119,61,1,61.0
604586260,87,61,1,61.0
614725385,87,61,1,61.0
565777959,85,61,1,61.0
570755077,245,121,2,60.5
543967176,143,121,2,60.5
602846257,181,121,2,60.5
556719770,243,60,1,60.0
621396704,123,120,2,60.0
555379680,300,180,3,60.0
618827910,71,60,1,60.0
560227389,115,60,1,60.0
540628518,171,60,1,60.0
531273989,91,60,1,60.0
322046349,122,60,1,60.0
558840419,113,60,1,60.0
597325369,104,60,1,60.0
576381574,86,60,1,60.0
574904192,75,60,1,60.0
432151826,84,60,1,60.0
505840391,90,60,1,60.0
557090053,77,60,1,60.0
560619110,714,300,5,60.0
569606802,201,119,2,59.5
259468641,288,236,4,59.0
151651065,107,59,1,59.0
561110360,74,59,1,59.0
589294390,197,59,1,59.0
561188052,114,59,1,59.0
617462013,77,59,1,59.0
535735063,67,59,1,59.0
568738594,59,59,1,59.0
570889731,234,118,2,59.0
559153569,112,59,1,59.0
580387150,68,59,1,59.0
577440600,90,59,1,59.0
569203099,87,59,1,59.0
486262949,966,647,11,58.81818181818182
554204420,244,176,3,58.666666666666664
526654527,176,176,3,58.666666666666664
575410078,408,293,5,58.6
583397327,149,117,2,58.5
594468065,231,175,3,58.333333333333336
535415829,379,232,4,58.0
574751062,284,58,1,58.0
571732339,282,232,4,58.0
621370084,85,58,1,58.0
324372979,112,58,1,58.0
605384365,77,58,1,58.0
551570327,131,116,2,58.0
584126413,159,58,1,58.0
393067342,244,58,1,58.0
568474692,117,58,1,58.0
588189253,73,58,1,58.0
612379217,86,58,1,58.0
582826227,66,57,1,57.0
446455210,75,57,1,57.0
519889626,250,114,2,57.0
579947902,1491,684,12,57.0
575956485,68,57,1,57.0
506680788,280,171,3,57.0
557661519,63,57,1,57.0
584171988,115,57,1,57.0
605674113,57,57,1,57.0
596878957,324,285,5,57.0
527556405,67,57,1,57.0
423111405,273,170,3,56.666666666666664
600659194,1103,736,13,56.61538461538461
617876509,250,113,2,56.5
617585647,320,113,2,56.5
595608751,102,56,1,56.0
596757995,82,56,1,56.0
615459166,126,56,1,56.0
606008509,122,56,1,56.0
533089229,80,56,1,56.0
563730723,58,56,1,56.0
480611833,120,112,2,56.0
568483037,123,56,1,56.0
456883361,131,112,2,56.0
563560248,75,56,1,56.0
591299738,102,56,1,56.0
617759795,145,56,1,56.0
557128428,56,56,1,56.0
525897798,470,335,6,55.833333333333336
488189530,1266,837,15,55.8
594487432,371,167,3,55.666666666666664
410920867,199,111,2,55.5
577997644,239,111,2,55.5
478789413,325,111,2,55.5
601042760,201,111,2,55.5
591855533,183,111,2,55.5
584521651,277,166,3,55.333333333333336
581939718,116,55,1,55.0
567832946,55,55,1,55.0
604157957,106,55,1,55.0
575740920,105,55,1,55.0
576422655,159,110,2,55.0
620054484,74,55,1,55.0
574054939,77,55,1,55.0
600948520,83,55,1,55.0
576980506,216,164,3,54.666666666666664
435083242,162,109,2,54.5
606816308,173,109,2,54.5
438271968,84,54,1,54.0
567195318,107,54,1,54.0
571813949,79,54,1,54.0
603581298,66,54,1,54.0
527488505,104,54,1,54.0
592305620,81,54,1,54.0
565724592,90,54,1,54.0
610781936,68,54,1,54.0
573453391,72,54,1,54.0
541975884,3121,1665,31,53.70967741935484
597505747,375,375,7,53.57142857142857
585262936,107,107,2,53.5
575628361,429,321,6,53.5
510407562,254,160,3,53.333333333333336
553844229,226,160,3,53.333333333333336
582591957,448,373,7,53.285714285714285
601107207,143,53,1,53.0
582783846,53,53,1,53.0
435844840,358,159,3,53.0
584194968,79,53,1,53.0
587020458,552,318,6,53.0
366886708,153,106,2,53.0
599109055,89,53,1,53.0
568903697,73,53,1,53.0
581875817,73,53,1,53.0
473381284,64,53,1,53.0
571884188,126,53,1,53.0
555208860,111,53,1,53.0
528079518,360,212,4,53.0
562986009,109,53,1,53.0
605323812,155,53,1,53.0
581280441,53,53,1,53.0
586852892,83,53,1,53.0
618436916,269,265,5,53.0
558593939,487,263,5,52.6
567023735,154,105,2,52.5
527053753,281,210,4,52.5
618855034,298,105,2,52.5
604004397,1113,629,12,52.416666666666664
507022668,874,314,6,52.333333333333336
576872422,122,52,1,52.0
616424952,85,52,1,52.0
615398841,75,52,1,52.0
589203902,57,52,1,52.0
575995487,83,52,1,52.0
574828653,70,52,1,52.0
570627935,61,52,1,52.0
604691803,85,52,1,52.0
575808137,96,52,1,52.0
568853766,58,52,1,52.0
531771969,79,52,1,52.0
582798028,118,52,1,52.0
604620376,67,52,1,52.0
578857321,421,258,5,51.6
577523281,190,103,2,51.5
567633185,219,103,2,51.5
589073510,130,103,2,51.5
372891706,305,256,5,51.2
605913186,1008,767,15,51.13333333333333
619553830,385,153,3,51.0
560057904,91,51,1,51.0
556361878,107,51,1,51.0
607571051,82,51,1,51.0
601532476,51,51,1,51.0
598762179,241,51,1,51.0
578165010,89,51,1,51.0
560802784,53,51,1,51.0
606292809,59,51,1,51.0
608090696,90,51,1,51.0
591144388,221,152,3,50.666666666666664
582514732,532,253,5,50.6
560723050,463,253,5,50.6
583838826,129,101,2,50.5
397988433,215,101,2,50.5
575702064,296,202,4,50.5
46824230,119,50,1,50.0
538842517,78,50,1,50.0
588156136,50,50,1,50.0
621526689,50,50,1,50.0
565064728,121,100,2,50.0
616208228,64,50,1,50.0
610244709,96,50,1,50.0
591509432,530,250,5,50.0
407902884,86,50,1,50.0
271798915,68,50,1,50.0
571689479,110,50,1,50.0
586575511,88,50,1,50.0
582783059,77,50,1,50.0
519517799,57,50,1,50.0
599824459,122,50,1,50.0
484640168,710,298,6,49.666666666666664
571631561,136,99,2,49.5
514564740,221,99,2,49.5
570267125,383,148,3,49.333333333333336
507767693,1027,838,17,49.294117647058826
534258704,360,345,7,49.285714285714285
580729657,56,49,1,49.0
609326808,180,49,1,49.0
587775321,168,49,1,49.0
371583870,246,196,4,49.0
557018755,206,49,1,49.0
516350057,80,49,1,49.0
607293819,95,49,1,49.0
442740669,187,147,3,49.0
554836034,77,49,1,49.0
563641421,286,49,1,49.0
566331792,108,49,1,49.0
567810707,517,147,3,49.0
606455592,58,49,1,49.0
587499359,50,49,1,49.0
553150972,57,49,1,49.0
390483106,230,147,3,49.0
569070830,90,49,1,49.0
590326374,124,49,1,49.0
614097216,77,49,1,49.0
475773146,172,98,2,49.0
562251537,79,49,1,49.0
522362353,54,49,1,49.0
554539839,443,342,7,48.857142857142854
560990088,253,146,3,48.666666666666664
598514641,260,97,2,48.5
535173056,253,194,4,48.5
551203034,219,97,2,48.5
617494019,428,291,6,48.5
608458046,210,97,2,48.5
406426873,342,194,4,48.5
620830448,228,145,3,48.333333333333336
529353448,93,48,1,48.0
555901555,74,48,1,48.0
560567040,85,48,1,48.0
401276429,436,144,3,48.0
564702645,65,48,1,48.0
552812946,116,48,1,48.0
568022295,55,48,1,48.0
557445690,138,48,1,48.0
620099385,60,48,1,48.0
608599935,49,48,1,48.0
559168553,75,48,1,48.0
478437997,180,96,2,48.0
591086939,48,48,1,48.0
562510314,208,48,1,48.0
598786787,235,96,2,48.0
471758629,170,96,2,48.0
602912679,271,192,4,48.0
589402556,78,48,1,48.0
604220068,69,48,1,48.0
600481421,253,191,4,47.75
579571963,651,191,4,47.75
528760356,189,143,3,47.666666666666664
607630190,153,95,2,47.5
477720956,173,95,2,47.5
506333250,133,95,2,47.5
600983687,239,190,4,47.5
574973444,198,95,2,47.5
575042465,507,142,3,47.333333333333336
471299022,206,142,3,47.333333333333336
575929858,80,47,1,47.0
613334235,69,47,1,47.0
595136132,71,47,1,47.0
569003802,90,47,1,47.0
606660547,56,47,1,47.0
617152976,58,47,1,47.0
599591680,127,94,2,47.0
573812390,74,47,1,47.0
621872987,73,47,1,47.0
590727579,51,47,1,47.0
559143529,77,47,1,47.0
559766537,432,282,6,47.0
615882206,105,47,1,47.0
455202129,52,47,1,47.0
559191551,92,47,1,47.0
559471439,82,47,1,47.0
570329550,60,47,1,47.0
606671845,110,47,1,47.0
585152404,69,47,1,47.0
516558227,174,94,2,47.0
584375143,301,235,5,47.0
598689281,137,93,2,46.5
545356677,93,93,2,46.5
620951094,154,93,2,46.5
557764072,149,93,2,46.5
580869722,391,186,4,46.5
573025524,289,93,2,46.5
607150991,771,553,12,46.083333333333336
534160049,234,92,2,46.0
598378345,70,46,1,46.0
621213497,102,92,2,46.0
616253090,54,46,1,46.0
587588696,57,46,1,46.0
562499693,92,46,1,46.0
552861214,94,46,1,46.0
418166082,49,46,1,46.0
605386985,203,138,3,46.0
573331147,56,46,1,46.0
570931979,135,46,1,46.0
569996029,184,184,4,46.0
584408774,374,138,3,46.0
619342891,87,46,1,46.0
582503986,78,46,1,46.0
620571319,74,46,1,46.0
582811472,96,91,2,45.5
548961164,148,91,2,45.5
594814069,185,180,4,45.0
530802330,64,45,1,45.0
598731642,133,90,2,45.0
598716745,90,90,2,45.0
584636006,75,45,1,45.0
585742287,146,45,1,45.0
587244982,71,45,1,45.0
358225509,69,45,1,45.0
589194637,86,45,1,45.0
590295357,58,45,1,45.0
599742467,62,45,1,45.0
590989885,45,45,1,45.0
592227764,60,45,1,45.0
595087737,45,45,1,45.0
612305375,80,45,1,45.0
574850614,590,180,4,45.0
569071526,125,45,1,45.0
606703663,69,45,1,45.0
611850821,48,45,1,45.0
401797562,87,45,1,45.0
598801692,45,45,1,45.0
437917776,60,45,1,45.0
579733537,379,90,2,45.0
555623201,66,45,1,45.0
609775412,80,45,1,45.0
394146458,96,45,1,45.0
600917294,49,45,1,45.0
501292383,323,134,3,44.666666666666664
480559388,120,89,2,44.5
578175541,151,89,2,44.5
456874379,410,177,4,44.25
566667766,1260,398,9,44.22222222222222
562202850,337,221,5,44.2
568649395,71,44,1,44.0
612777788,66,44,1,44.0
610125322,318,44,1,44.0
600470874,67,44,1,44.0
590311284,106,44,1,44.0
495303823,577,88,2,44.0
582079623,47,44,1,44.0
609449678,47,44,1,44.0
563225767,62,44,1,44.0
597599488,52,44,1,44.0
561473385,50,44,1,44.0
606978232,142,88,2,44.0
556269365,86,44,1,44.0
457471575,58,44,1,44.0
574850616,60,44,1,44.0
573024154,62,44,1,44.0
572895793,140,44,1,44.0
564955013,65,44,1,44.0
565264438,154,132,3,44.0
598276641,72,44,1,44.0
495431505,98,44,1,44.0
613207676,46,44,1,44.0
603004859,50,44,1,44.0
581889364,45,44,1,44.0
616007734,46,44,1,44.0
415983608,62,44,1,44.0
550764491,256,219,5,43.8
475762942,219,131,3,43.666666666666664
501038485,1754,1528,35,43.65714285714286
605101860,325,218,5,43.6
605800038,123,87,2,43.5
533775103,96,87,2,43.5
571406473,284,87,2,43.5
240177194,592,433,10,43.3
591044227,404,259,6,43.166666666666664
546900781,50,43,1,43.0
472248610,277,129,3,43.0
584778154,82,43,1,43.0
604078866,53,43,1,43.0
535423647,53,43,1,43.0
586950619,77,43,1,43.0
560481888,51,43,1,43.0
398831393,296,86,2,43.0
588469944,62,43,1,43.0
563750965,51,43,1,43.0
317477999,105,43,1,43.0
558154136,86,43,1,43.0
569766478,47,43,1,43.0
606922132,52,43,1,43.0
570473921,69,43,1,43.0
570846223,44,43,1,43.0
573149028,90,43,1,43.0
604031430,64,43,1,43.0
554991182,73,43,1,43.0
577097235,43,43,1,43.0
578848621,52,43,1,43.0
579563545,316,43,1,43.0
607142079,102,43,1,43.0
556365007,111,43,1,43.0
547476480,45,43,1,43.0
557773620,68,43,1,43.0
557982203,94,43,1,43.0
487418303,84,43,1,43.0
599210852,75,43,1,43.0
562688195,118,43,1,43.0
573853731,62,43,1,43.0
600580826,43,43,1,43.0
582347173,67,43,1,43.0
590981290,284,86,2,43.0
499269295,133,43,1,43.0
575350937,85,43,1,43.0
568101278,373,214,5,42.8
584144644,234,171,4,42.75
569671741,263,128,3,42.666666666666664
477033215,404,256,6,42.666666666666664
545870681,551,341,8,42.625
578139066,1218,809,19,42.578947368421055
614930225,86,85,2,42.5
585817982,132,85,2,42.5
468709741,457,212,5,42.4
606936892,573,339,8,42.375
374988726,2498,1776,42,42.285714285714285
600762966,261,84,2,42.0
564355887,640,210,5,42.0
25893719,102,42,1,42.0
620933075,55,42,1,42.0
611133141,76,42,1,42.0
553705831,84,42,1,42.0
556674691,64,42,1,42.0
617801258,63,42,1,42.0
564386954,86,42,1,42.0
601438442,64,42,1,42.0
562893824,42,42,1,42.0
559036166,91,42,1,42.0
472701255,105,42,1,42.0
616241054,42,42,1,42.0
480450915,82,42,1,42.0
551450339,79,42,1,42.0
560409978,84,42,1,42.0
604548901,66,42,1,42.0
567110804,168,42,1,42.0
566375978,57,42,1,42.0
594727099,50,42,1,42.0
578322435,98,84,2,42.0
589976422,209,42,1,42.0
620741564,62,42,1,42.0
431883407,106,84,2,42.0
604528350,83,42,1,42.0
561465184,54,42,1,42.0
269200504,172,84,2,42.0
366683253,81,42,1,42.0
514225829,135,42,1,42.0
616915482,84,42,1,42.0
396723563,404,125,3,41.666666666666664
600436287,210,125,3,41.666666666666664
605834195,206,125,3,41.666666666666664
621346420,84,83,2,41.5
555227088,489,249,6,41.5
555902615,100,83,2,41.5
522488319,302,207,5,41.4
549530247,389,372,9,41.333333333333336
558897254,172,165,4,41.25
531274953,251,165,4,41.25
572997403,127,41,1,41.0
615659821,52,41,1,41.0
556503945,60,41,1,41.0
588711894,47,41,1,41.0
588695525,65,41,1,41.0
574145354,42,41,1,41.0
590392929,48,41,1,41.0
226770989,72,41,1,41.0
577472353,67,41,1,41.0
591199957,68,41,1,41.0
566402792,94,41,1,41.0
566431784,42,41,1,41.0
568678676,41,41,1,41.0
552341146,41,41,1,41.0
570138263,41,41,1,41.0
470355096,181,123,3,41.0
484563689,73,41,1,41.0
574316106,76,41,1,41.0
621518014,95,41,1,41.0
575866576,41,41,1,41.0
576420828,43,41,1,41.0
618216670,202,41,1,41.0
577245942,514,82,2,41.0
597776039,41,41,1,41.0
390373072,124,41,1,41.0
514973259,236,82,2,41.0
555997991,41,41,1,41.0
564165917,44,41,1,41.0
513264203,111,82,2,41.0
555163869,68,41,1,41.0
604888445,159,82,2,41.0
499788017,701,205,5,41.0
454137699,179,82,2,41.0
558422875,95,41,1,41.0
592316598,85,41,1,41.0
612488425,102,41,1,41.0
535077202,82,82,2,41.0
610201529,41,41,1,41.0
566247042,47,41,1,41.0
528719190,243,163,4,40.75
569660282,239,203,5,40.6
574868434,107,81,2,40.5
579179073,691,363,9,40.333333333333336
554081558,211,121,3,40.333333333333336
605473947,438,321,8,40.125
613945064,75,40,1,40.0
528881251,81,40,1,40.0
488836630,93,80,2,40.0
620961522,64,40,1,40.0
621445014,47,40,1,40.0
621494795,105,40,1,40.0
558172537,91,40,1,40.0
608158045,450,320,8,40.0
283583881,89,40,1,40.0
542716900,42,40,1,40.0
526114732,110,40,1,40.0
567815842,59,40,1,40.0
606309024,101,40,1,40.0
558106525,95,40,1,40.0
558055550,110,80,2,40.0
575304535,56,40,1,40.0
579494169,57,40,1,40.0
458698730,74,40,1,40.0
576903747,62,40,1,40.0
619692754,60,40,1,40.0
533173371,42,40,1,40.0
569825801,63,40,1,40.0
607211418,43,40,1,40.0
516873264,123,40,1,40.0
591154758,69,40,1,40.0
590001677,61,40,1,40.0
575315314,123,40,1,40.0
588516402,96,40,1,40.0
558807471,75,40,1,40.0
615230809,62,40,1,40.0
571415476,49,40,1,40.0
587829807,41,40,1,40.0
555242285,76,40,1,40.0
231341462,170,80,2,40.0
553943661,136,80,2,40.0
613528580,71,40,1,40.0
539710737,499,438,11,39.81818181818182
553444603,180,119,3,39.666666666666664
485093468,170,119,3,39.666666666666664
563137197,94,79,2,39.5
438014454,132,79,2,39.5
573738314,261,79,2,39.5
522506160,208,118,3,39.333333333333336
559604425,171,118,3,39.333333333333336
551014694,287,118,3,39.333333333333336
575251220,696,392,10,39.2
617185532,39,39,1,39.0
610650341,77,39,1,39.0
586992462,176,78,2,39.0
556463721,40,39,1,39.0
592341151,121,39,1,39.0
592366273,52,39,1,39.0
601088405,44,39,1,39.0
566016998,94,39,1,39.0
602242655,78,39,1,39.0
524339131,62,39,1,39.0
566834321,53,39,1,39.0
608120539,171,39,1,39.0
578018506,46,39,1,39.0
605368485,43,39,1,39.0
600099918,76,39,1,39.0
217401021,48,39,1,39.0
572984786,127,39,1,39.0
574772756,50,39,1,39.0
599198365,63,39,1,39.0
485285184,73,39,1,39.0
556997259,460,195,5,39.0
578127775,59,39,1,39.0
542548674,254,156,4,39.0
374691051,132,39,1,39.0
578845019,51,39,1,39.0
472377161,39,39,1,39.0
579540963,97,39,1,39.0
614622519,124,78,2,39.0
555555362,56,39,1,39.0
558467005,55,39,1,39.0
622009276,70,39,1,39.0
509182764,136,78,2,39.0
598708478,42,39,1,39.0
602172708,142,39,1,39.0
614642327,39,39,1,39.0
561105978,118,78,2,39.0
617175431,61,39,1,39.0
568644564,666,545,14,38.92857142857143
572879507,293,194,5,38.8
609151897,363,349,9,38.77777777777778
609015740,427,271,7,38.714285714285715
608895465,299,116,3,38.666666666666664
609157157,83,77,2,38.5
526987439,211,77,2,38.5
610841354,101,77,2,38.5
577074342,77,77,2,38.5
568638312,718,462,12,38.5
575672241,144,115,3,38.333333333333336
534779173,86,38,1,38.0
612544810,56,38,1,38.0
541476316,65,38,1,38.0
608733563,57,38,1,38.0
621310915,57,38,1,38.0
571328952,38,38,1,38.0
600471659,42,38,1,38.0
587662805,66,38,1,38.0
575100771,86,38,1,38.0
532794897,74,38,1,38.0
557649799,120,76,2,38.0
617710862,45,38,1,38.0
556806052,89,38,1,38.0
620541562,122,76,2,38.0
597789080,619,190,5,38.0
583621823,45,38,1,38.0
616271388,42,38,1,38.0
613423173,60,38,1,38.0
562504860,103,38,1,38.0
447071766,56,38,1,38.0
576916246,69,38,1,38.0
579115503,60,38,1,38.0
474682792,243,114,3,38.0
570034165,178,76,2,38.0
563912493,63,38,1,38.0
409037929,70,38,1,38.0
570143200,48,38,1,38.0
518756166,134,38,1,38.0
526103820,334,190,5,38.0
540375860,41,38,1,38.0
566425793,83,38,1,38.0
619705448,57,38,1,38.0
594657846,83,38,1,38.0
538405926,66,38,1,38.0
509217748,127,76,2,38.0
606053168,102,76,2,38.0
547067889,67,38,1,38.0
560499583,58,38,1,38.0
584216745,161,76,2,38.0
578800202,103,38,1,38.0
478203537,40,38,1,38.0
604454032,38,38,1,38.0
607637882,41,38,1,38.0
608022928,235,38,1,38.0
411291750,114,113,3,37.666666666666664
566083903,140,113,3,37.666666666666664
557316433,699,338,9,37.55555555555556
598290882,97,75,2,37.5
620828906,181,75,2,37.5
579111606,547,524,14,37.42857142857143
550843175,167,112,3,37.333333333333336
411949357,326,223,6,37.166666666666664
539825777,422,223,6,37.166666666666664
561953622,57,37,1,37.0
562850344,98,37,1,37.0
521887731,53,37,1,37.0
220931748,129,74,2,37.0
582137534,98,37,1,37.0
581730805,70,37,1,37.0
585990683,206,148,4,37.0
611187225,180,111,3,37.0
587197363,57,37,1,37.0
449300971,43,37,1,37.0
578164729,38,37,1,37.0
619954327,47,37,1,37.0
588785559,133,74,2,37.0
589331311,130,74,2,37.0
568105935,46,37,1,37.0
591806298,39,37,1,37.0
472792672,68,37,1,37.0
550916370,133,74,2,37.0
594808909,58,37,1,37.0
564872716,484,407,11,37.0
580143586,71,37,1,37.0
405142537,55,37,1,37.0
381876759,42,37,1,37.0
561467448,52,37,1,37.0
574282581,74,37,1,37.0
584159340,37,37,1,37.0
471105314,53,37,1,37.0
611524476,159,37,1,37.0
570132949,83,37,1,37.0
570837024,45,37,1,37.0
234525342,62,37,1,37.0
573158409,37,37,1,37.0
618290308,40,37,1,37.0
574309746,39,37,1,37.0
492441054,203,111,3,37.0
605617815,38,37,1,37.0
477367874,73,37,1,37.0
600005114,72,37,1,37.0
576486864,61,37,1,37.0
603203419,413,148,4,37.0
529471582,82,37,1,37.0
578889036,88,37,1,37.0
558033384,55,37,1,37.0
579848192,139,37,1,37.0
618150481,47,37,1,37.0
562611140,101,37,1,37.0
594438874,228,148,4,37.0
563018186,94,74,2,37.0
582267941,43,37,1,37.0
597242497,342,184,5,36.8
352919225,506,368,10,36.8
538408880,474,330,9,36.666666666666664
553488783,381,220,6,36.666666666666664
561563265,265,110,3,36.666666666666664
551459657,994,768,21,36.57142857142857
528207059,136,73,2,36.5
317843620,227,73,2,36.5
567318976,144,73,2,36.5
543999424,213,109,3,36.333333333333336
544201263,305,109,3,36.333333333333336
550107110,254,145,4,36.25
553753653,4467,3368,93,36.215053763440864
512161964,239,181,5,36.2
580811373,38,36,1,36.0
559040011,45,36,1,36.0
599449402,72,72,2,36.0
553047708,82,36,1,36.0
620953699,46,36,1,36.0
578844577,49,36,1,36.0
621060544,40,36,1,36.0
578870630,41,36,1,36.0
611300062,40,36,1,36.0
621931751,46,36,1,36.0
595704883,174,108,3,36.0
577172760,145,36,1,36.0
553734056,36,36,1,36.0
604929813,78,36,1,36.0
605552677,62,36,1,36.0
327518885,42,36,1,36.0
563609922,268,72,2,36.0
574930324,55,36,1,36.0
574254430,74,72,2,36.0
573859801,49,36,1,36.0
560707843,90,36,1,36.0
574334315,54,36,1,36.0
556063351,88,36,1,36.0
528722215,49,36,1,36.0
569778343,49,36,1,36.0
545177117,188,144,4,36.0
568974782,78,36,1,36.0
568955062,39,36,1,36.0
421025596,70,36,1,36.0
612375940,65,36,1,36.0
567804102,78,36,1,36.0
592277626,43,36,1,36.0
599211089,71,36,1,36.0
590605434,36,36,1,36.0
560086251,98,72,2,36.0
589704484,36,36,1,36.0
588582651,36,36,1,36.0
533846315,72,72,2,36.0
577625398,192,108,3,36.0
494426138,95,72,2,36.0
586191123,42,36,1,36.0
559872243,139,36,1,36.0
574892354,144,144,4,36.0
581277497,51,36,1,36.0
562742097,70,36,1,36.0
557654373,44,36,1,36.0
551572982,407,144,4,36.0
607096254,85,36,1,36.0
613637544,61,36,1,36.0
500927959,3914,3110,87,35.747126436781606
258836295,1039,749,21,35.666666666666664
616511934,203,142,4,35.5
588429550,222,71,2,35.5
606371484,321,142,4,35.5
602282542,77,71,2,35.5
590733182,128,71,2,35.5
612806514,235,71,2,35.5
563193597,75,35,1,35.0
561846030,57,35,1,35.0
613459092,54,35,1,35.0
616209854,134,105,3,35.0
580373289,35,35,1,35.0
584705415,86,35,1,35.0
560031030,35,35,1,35.0
621661570,87,35,1,35.0
584949517,73,35,1,35.0
621988211,114,35,1,35.0
596317573,39,35,1,35.0
586904965,62,35,1,35.0
509781138,116,35,1,35.0
600108380,46,35,1,35.0
611063291,99,35,1,35.0
581882970,45,35,1,35.0
590374660,103,35,1,35.0
590442659,46,35,1,35.0
560426826,67,35,1,35.0
567352231,118,70,2,35.0
586703305,35,35,1,35.0
571551091,150,70,2,35.0
565810040,519,315,9,35.0
562569338,285,140,4,35.0
260096891,135,105,3,35.0
564309533,124,35,1,35.0
522127314,207,105,3,35.0
597100175,158,70,2,35.0
569836910,182,35,1,35.0
565461289,37,35,1,35.0
561109128,67,35,1,35.0
565662843,51,35,1,35.0
545883921,54,35,1,35.0
572992305,52,35,1,35.0
574641161,35,35,1,35.0
574668814,80,70,2,35.0
560035959,187,70,2,35.0
349432032,104,35,1,35.0
567433674,190,70,2,35.0
604036630,40,35,1,35.0
476300583,54,35,1,35.0
599141431,36,35,1,35.0
556942728,319,105,3,35.0
606909343,181,70,2,35.0
619838525,58,35,1,35.0
559925837,35,35,1,35.0
559388207,41,35,1,35.0
587366348,72,35,1,35.0
321933017,720,559,16,34.9375
558494629,550,279,8,34.875
606692889,336,174,5,34.8
563584456,139,104,3,34.666666666666664
487506891,354,173,5,34.6
570897828,326,173,5,34.6
597021161,988,380,11,34.54545454545455
577562110,78,69,2,34.5
562225063,130,69,2,34.5
545683694,208,172,5,34.4
568683686,735,447,13,34.38461538461539
488485080,158,103,3,34.333333333333336
574032814,160,103,3,34.333333333333336
453209216,173,103,3,34.333333333333336
523907089,103,103,3,34.333333333333336
566600207,103,103,3,34.333333333333336
561110117,127,103,3,34.333333333333336
604522695,187,171,5,34.2
608602640,545,443,13,34.07692307692308
583234993,54,34,1,34.0
597230484,38,34,1,34.0
495786721,34,34,1,34.0
445756515,269,204,6,34.0
614378328,48,34,1,34.0
507936787,34,34,1,34.0
615339103,50,34,1,34.0
616166059,93,34,1,34.0
584451785,64,34,1,34.0
450328580,127,102,3,34.0
542369188,133,68,2,34.0
586180607,123,34,1,34.0
586224987,113,34,1,34.0
610045239,34,34,1,34.0
600103596,55,34,1,34.0
613780578,72,34,1,34.0
605424787,37,34,1,34.0
608089368,44,34,1,34.0
581173499,52,34,1,34.0
389516574,34,34,1,34.0
588834267,52,34,1,34.0
582964738,84,34,1,34.0
577632684,37,34,1,34.0
531428338,37,34,1,34.0
610408150,41,34,1,34.0
560049154,74,34,1,34.0
564032674,40,34,1,34.0
560430227,77,34,1,34.0
567137021,58,34,1,34.0
491819253,34,34,1,34.0
570062113,57,34,1,34.0
613308546,66,34,1,34.0
603515464,50,34,1,34.0
617646138,55,34,1,34.0
572014187,62,34,1,34.0
572071308,62,34,1,34.0
565661713,67,34,1,34.0
572877805,211,68,2,34.0
543807924,70,34,1,34.0
576440521,76,68,2,34.0
609135220,34,34,1,34.0
579544152,63,34,1,34.0
603827658,83,34,1,34.0
527513295,48,34,1,34.0
538718418,68,34,1,34.0
564881084,52,34,1,34.0
604856552,62,34,1,34.0
579886439,51,34,1,34.0
555565050,65,34,1,34.0
555583099,82,34,1,34.0
558150436,142,68,2,34.0
613580235,36,34,1,34.0
578389494,67,34,1,34.0
426597739,314,68,2,34.0
498836470,68,68,2,34.0
620110022,166,68,2,34.0
558941686,34,34,1,34.0
609856386,84,68,2,34.0
565012830,679,441,13,33.92307692307692
587062337,1764,405,12,33.75
510070652,268,101,3,33.666666666666664
233683495,167,101,3,33.666666666666664
581011264,391,168,5,33.6
280131656,81,67,2,33.5
570134585,301,268,8,33.5
593657988,133,67,2,33.5
611347838,99,67,2,33.5
510017532,186,67,2,33.5
571835910,373,367,11,33.36363636363637
616668119,289,200,6,33.333333333333336
558777850,132,100,3,33.333333333333336
490420820,161,100,3,33.333333333333336
553406536,143,100,3,33.333333333333336
509674614,322,233,7,33.285714285714285
556385804,165,133,4,33.25
590181463,168,133,4,33.25
571835397,195,133,4,33.25
586362302,345,266,8,33.25
538887542,260,199,6,33.166666666666664
582177888,33,33,1,33.0
531351805,92,66,2,33.0
618451679,57,33,1,33.0
618989362,35,33,1,33.0
398548772,51,33,1,33.0
522501235,42,33,1,33.0
565851792,54,33,1,33.0
584007067,56,33,1,33.0
565349725,54,33,1,33.0
591242776,46,33,1,33.0
601977912,196,33,1,33.0
602389940,117,66,2,33.0
617893722,36,33,1,33.0
501283999,149,99,3,33.0
562699968,36,33,1,33.0
541669049,43,33,1,33.0
593044368,36,33,1,33.0
585810214,88,33,1,33.0
612870287,68,33,1,33.0
567172309,59,33,1,33.0
571563526,33,33,1,33.0
567964337,71,33,1,33.0
310897503,49,33,1,33.0
373605129,54,33,1,33.0
620297099,49,33,1,33.0
569472718,37,33,1,33.0
611108348,58,33,1,33.0
569961811,74,33,1,33.0
621473818,123,33,1,33.0
553086215,47,33,1,33.0
557067721,81,33,1,33.0
571014568,33,33,1,33.0
572221247,71,33,1,33.0
618032899,34,33,1,33.0
572963464,70,33,1,33.0
573063284,35,33,1,33.0
574720771,69,33,1,33.0
595903481,57,33,1,33.0
576332103,39,33,1,33.0
583989244,34,33,1,33.0
611078396,43,33,1,33.0
577434123,36,33,1,33.0
593070378,51,33,1,33.0
511183803,49,33,1,33.0
489178134,59,33,1,33.0
611934350,94,66,2,33.0
555899288,72,33,1,33.0
523167697,79,33,1,33.0
561526817,59,33,1,33.0
599642505,33,33,1,33.0
561869410,99,33,1,33.0
617508161,76,33,1,33.0
566091403,33,33,1,33.0
575403986,64,33,1,33.0
563248354,56,33,1,33.0
560560566,49,33,1,33.0
547902318,78,33,1,33.0
578183834,64,33,1,33.0
575221868,132,33,1,33.0
610617723,80,33,1,33.0
613402125,35,33,1,33.0
614096033,179,33,1,33.0
619774787,259,33,1,33.0
582324220,87,33,1,33.0
620025774,67,33,1,33.0
597259997,46,33,1,33.0
594175335,36,33,1,33.0
388898024,692,263,8,32.875
596764797,164,164,5,32.8
618169295,202,131,4,32.75
601493757,477,262,8,32.75
566669721,154,98,3,32.666666666666664
485746579,570,163,5,32.6
575162993,210,130,4,32.5
606546915,201,65,2,32.5
530306201,70,65,2,32.5
602948875,207,65,2,32.5
553432382,294,130,4,32.5
560819846,121,65,2,32.5
604609848,74,65,2,32.5
567591585,101,65,2,32.5
561562542,108,65,2,32.5
609434673,70,65,2,32.5
617250630,122,65,2,32.5
507826748,65,65,2,32.5
589809398,365,357,11,32.45454545454545
535346162,606,486,15,32.4
546072918,409,259,8,32.375
600883902,129,97,3,32.333333333333336
618495712,137,97,3,32.333333333333336
519637113,182,97,3,32.333333333333336
555600202,233,129,4,32.25
520447516,44,32,1,32.0
597813535,174,32,1,32.0
608729313,382,32,1,32.0
588419614,73,32,1,32.0
553796967,100,32,1,32.0
610780025,40,32,1,32.0
572177559,602,128,4,32.0
590472816,70,64,2,32.0
598707607,44,32,1,32.0
505182119,99,32,1,32.0
602207045,72,32,1,32.0
575088802,34,32,1,32.0
574639406,40,32,1,32.0
564826327,60,32,1,32.0
472934663,45,32,1,32.0
592229263,64,32,1,32.0
465505741,71,32,1,32.0
566298425,32,32,1,32.0
605167634,45,32,1,32.0
446593183,36,32,1,32.0
569477368,51,32,1,32.0
570736398,53,32,1,32.0
423669277,97,32,1,32.0
612347060,33,32,1,32.0
517871736,322,160,5,32.0
611508222,38,32,1,32.0
597320281,75,32,1,32.0
568194417,37,32,1,32.0
568088355,78,32,1,32.0
576732497,170,96,3,32.0
582368948,101,32,1,32.0
580704058,52,32,1,32.0
531879346,47,32,1,32.0
603564521,72,32,1,32.0
555516258,73,32,1,32.0
617086029,141,32,1,32.0
557724250,95,32,1,32.0
561552136,58,32,1,32.0
527770846,41,32,1,32.0
544247313,43,32,1,32.0
563183651,32,32,1,32.0
590907748,46,32,1,32.0
582866205,52,32,1,32.0
609355037,55,32,1,32.0
585344364,300,96,3,32.0
587746581,46,32,1,32.0
565704118,65,32,1,32.0
614772631,33,32,1,32.0
602448596,55,32,1,32.0
568161770,72,32,1,32.0
598362904,52,32,1,32.0
614220123,32,32,1,32.0
562958858,197,96,3,32.0
610303984,32,32,1,32.0
607093382,35,32,1,32.0
522441116,1455,926,29,31.93103448275862
489325533,138,127,4,31.75
595241180,737,317,10,31.7
609097117,136,95,3,31.666666666666668
620158024,207,95,3,31.666666666666668
586369537,122,95,3,31.666666666666668
588063791,438,190,6,31.666666666666668
567827962,164,95,3,31.666666666666668
611362603,328,190,6,31.666666666666668
584803886,262,158,5,31.6
522419927,121,63,2,31.5
618401919,188,63,2,31.5
581536217,70,63,2,31.5
598399734,173,126,4,31.5
380720043,85,63,2,31.5
584380229,199,63,2,31.5
569647407,90,63,2,31.5
364191546,382,126,4,31.5
620018212,182,126,4,31.5
217069933,67,63,2,31.5
595926826,306,63,2,31.5
571417404,106,63,2,31.5
601540029,270,126,4,31.5
442448440,99,63,2,31.5
600270909,300,126,4,31.5
412445112,303,220,7,31.428571428571427
592057102,135,94,3,31.333333333333332
612424250,174,94,3,31.333333333333332
575007394,138,94,3,31.333333333333332
481704704,247,219,7,31.285714285714285
596516909,261,250,8,31.25
536715752,1617,656,21,31.238095238095237
569428889,635,436,14,31.142857142857142
156430889,932,435,14,31.071428571428573
551393393,62,31,1,31.0
537155517,44,31,1,31.0
552735036,86,31,1,31.0
558322833,111,62,2,31.0
558783695,112,31,1,31.0
562246450,46,31,1,31.0
530050379,613,465,15,31.0
621327704,82,31,1,31.0
596172246,35,31,1,31.0
578756270,75,31,1,31.0
480107451,161,93,3,31.0
604928744,112,31,1,31.0
562717547,32,31,1,31.0
471200516,140,93,3,31.0
583762808,31,31,1,31.0
601401968,42,31,1,31.0
554064716,61,31,1,31.0
576834990,43,31,1,31.0
574558487,93,62,2,31.0
556650703,68,31,1,31.0
563109629,196,93,3,31.0
504868761,50,31,1,31.0
617772742,50,31,1,31.0
374695519,122,31,1,31.0
618496185,315,93,3,31.0
561932960,312,155,5,31.0
578492619,33,31,1,31.0
531054743,33,31,1,31.0
563991232,102,31,1,31.0
561255516,59,31,1,31.0
588422458,156,31,1,31.0
549847160,58,31,1,31.0
620657080,37,31,1,31.0
607161671,72,31,1,31.0
563668971,31,31,1,31.0
620334906,42,31,1,31.0
584058790,62,62,2,31.0
520886240,99,62,2,31.0
584442587,31,31,1,31.0
565320459,59,31,1,31.0
568084268,48,31,1,31.0
583845659,44,31,1,31.0
601770488,31,31,1,31.0
582274848,35,31,1,31.0
611219158,36,31,1,31.0
581811337,36,31,1,31.0
556160619,31,31,1,31.0
584316263,31,31,1,31.0
463187140,76,31,1,31.0
604002195,31,31,1,31.0
606710909,52,31,1,31.0
282607284,658,370,12,30.833333333333332
536356837,616,370,12,30.833333333333332
591840906,220,185,6,30.833333333333332
549136492,918,647,21,30.80952380952381
587611044,202,154,5,30.8
566463123,464,215,7,30.714285714285715
584183769,162,92,3,30.666666666666668
562079107,144,92,3,30.666666666666668
610836492,110,92,3,30.666666666666668
516784171,114,92,3,30.666666666666668
612962312,93,92,3,30.666666666666668
220965197,1103,306,10,30.6
609012723,121,61,2,30.5
619147452,69,61,2,30.5
568589748,73,61,2,30.5
560390816,106,61,2,30.5
536148195,554,122,4,30.5
562244617,99,61,2,30.5
553418857,972,639,21,30.428571428571427
556467202,350,152,5,30.4
580706979,126,91,3,30.333333333333332
574507747,141,91,3,30.333333333333332
446654574,109,91,3,30.333333333333332
544492973,110,91,3,30.333333333333332
359441505,324,242,8,30.25
554845214,282,121,4,30.25
572814762,199,121,4,30.25
561657091,405,332,11,30.181818181818183
594007102,366,211,7,30.142857142857142
580281362,30,30,1,30.0
489785597,66,30,1,30.0
570209927,56,30,1,30.0
557625393,275,120,4,30.0
571175108,85,30,1,30.0
572247127,78,30,1,30.0
524579734,133,30,1,30.0
494225583,178,60,2,30.0
555642731,52,30,1,30.0
557896573,37,30,1,30.0
561658138,31,30,1,30.0
490552965,40,30,1,30.0
563115411,54,30,1,30.0
609616471,374,120,4,30.0
553403240,35,30,1,30.0
614003379,30,30,1,30.0
620939915,55,30,1,30.0
621098130,64,30,1,30.0
621346778,30,30,1,30.0
621438646,32,30,1,30.0
617860336,41,30,1,30.0
520864485,78,30,1,30.0
596691213,41,30,1,30.0
599355221,31,30,1,30.0
571053890,49,30,1,30.0
600702747,30,30,1,30.0
524873193,57,30,1,30.0
605605100,43,30,1,30.0
606106787,61,30,1,30.0
606338037,36,30,1,30.0
606429012,49,30,1,30.0
608670271,83,30,1,30.0
616067051,30,30,1,30.0
611006312,53,30,1,30.0
536309541,48,30,1,30.0
572292660,53,30,1,30.0
527124412,31,30,1,30.0
597029167,131,30,1,30.0
563680060,71,30,1,30.0
564485204,46,30,1,30.0
455402728,42,30,1,30.0
453140393,30,30,1,30.0
466466999,81,30,1,30.0
574055343,295,30,1,30.0
617757950,38,30,1,30.0
567955893,45,30,1,30.0
588118530,90,90,3,30.0
560693620,36,30,1,30.0
275972910,93,60,2,30.0
603730154,32,30,1,30.0
620069832,37,30,1,30.0
530802174,30,30,1,30.0
583984458,38,30,1,30.0
568567752,33,30,1,30.0
559074103,94,30,1,30.0
556853720,96,30,1,30.0
612800990,91,30,1,30.0
611098394,50,30,1,30.0
406380159,211,60,2,30.0
620500714,37,30,1,30.0
583187897,64,30,1,30.0
564593301,75,60,2,30.0
580754459,85,60,2,30.0
598962219,74,30,1,30.0
564353315,60,30,1,30.0
570033196,73,30,1,30.0
481122285,173,149,5,29.8
573399036,105,89,3,29.666666666666668
547052784,117,89,3,29.666666666666668
560017032,167,89,3,29.666666666666668
567549446,135,89,3,29.666666666666668
572912014,185,148,5,29.6
488644310,88,59,2,29.5
571516361,106,59,2,29.5
599210572,59,59,2,29.5
606962212,59,59,2,29.5
537214939,118,59,2,29.5
612909815,130,59,2,29.5
485530528,94,59,2,29.5
578160637,89,59,2,29.5
606351807,109,59,2,29.5
597206255,102,59,2,29.5
600119090,95,59,2,29.5
600254137,78,59,2,29.5
573774562,80,59,2,29.5
560418229,595,294,10,29.4
490102305,122,88,3,29.333333333333332
585793363,132,88,3,29.333333333333332
548888161,258,88,3,29.333333333333332
528882428,311,176,6,29.333333333333332
589322113,104,88,3,29.333333333333332
573533749,187,88,3,29.333333333333332
604113690,632,614,21,29.238095238095237
605044798,402,175,6,29.166666666666668
