candidate,K_days,horizon_Dx,eligible_n,n_still_active,still_active_pct,ci_lo,ci_hi,measurable,nb02_cumulative_pct,share_of_nb02_retained_still_active_pct
median,22.0,30,71727,6910,9.63,9.42,9.85,True,14.08,68.42
median,22.0,60,71727,6013,8.38,8.18,8.59,True,21.08,39.77
median,22.0,90,52151,4090,7.84,7.61,8.08,True,27.1,28.94
p75,42.2,30,71727,71727,100.0,100.0,100.0,False,14.08,
p75,42.2,60,71727,10571,14.74,14.48,15.0,True,21.08,69.91
p75,42.2,90,52151,7201,13.81,13.51,14.11,True,27.1,50.95
p85,56.9,30,71727,71727,100.0,100.0,100.0,False,14.08,
p85,56.9,60,71727,13502,18.82,18.54,19.11,True,21.08,89.3
p85,56.9,90,52151,9100,17.45,17.13,17.78,True,27.1,64.39
